{"cameraMode":{"drawMode":0,"name":"Shaded","section":"Shading Mode"},"sceneLighting":true,"audioPlay":false,"sceneViewState":{"m_AlwaysRefresh":false,"showFog":true,"showSkybox":true,"showFlares":true,"showImageEffects":true,"showParticleSystems":true,"showVisualEffectGraphs":true,"m_FxEnabled":true},"in2DMode":false,"pivot":{"x":10.358938217163086,"y":5.873779773712158,"z":14.488991737365723},"rotation":{"x":0.00982232391834259,"y":-0.9383403062820435,"z":0.02674970030784607,"w":0.3445407748222351},"size":2.3284285068511965,"orthographic":false}